{
    "trial_number": 0,
    "best_epoch": 15,
    "config": {
        "model_name": "resnet50",
        "batch_size": 16,
        "lr": 7.725378389307358e-05,
        "weight_decay": 0.00013311216080736876,
        "dropout": 0.3,
        "freeze_backbone": false,
        "augment": true
    },
    "metrics": {
        "accuracy": 0.7328767123287672,
        "precision": 0.753968253968254,
        "recall": 0.6690140845070423,
        "f1": 0.7089552238805971,
        "auc": 0.8280751173708921,
        "loss": 0.6722039221084282
    },
    "checkpoint_path": "image_only_baseline/results/optuna_hpo/trial_000/model.pth"
}